Streich,Alvaro,1982,2022
Barrows,Tena,1954,2016
West,Carol,1985,2017
Predovic,Angelo,1987,2018
Ratke,Pedro,1983,2017
Roob,Maurice,1978,2015
Yundt,Cristy,1976,2017
Crona,Reyes,1967,2016
Nikolaus,Cristine,1984,2018
Bergnaum,Jerald,1950,2017
Schuster,Son,1999,2015
O'Connell,Octavio,1975,2019
Spinka,Dollie,1969,2018
Stokes,Lee,1964,2022
Runolfsson,Bea,1999,2015
Powlowski,Olen,1971,2015
Kozey,Bryanna,1983,2016
Grimes,Domingo,1965,2018
Schowalter,Golda,1983,2015
Moen,Blair,1963,2019
Fisher,Racheal,1957,2022
Harris,Robert,1983,2020
Ratke,Sol,1972,2020
Rodriguez,Margret,1993,2022
Mertz,Henrietta,1986,2022
Bayer,Tyree,1988,2022
Klein,Arianne,1959,2021
Langosh,Tonja,1980,2016
Altenwerth,Malcolm,1998,2018
Feeney,Ellis,1998,2016
Stiedemann,Bennett,1993,2017
Cronin,Lisandra,1971,2020
Hahn,Malik,2002,2022
Johns,Abel,1992,2016
Nikolaus,Shantel,1994,2016
Baumbach,Hyman,1981,2016
Kuphal,Alexa,1978,2021
Stroman,Marylin,1982,2019
Fahey,Lucas,1988,2016
Beier,Sigrid,1978,2018
Hills,Boyce,1980,2021
Abbott,Lorilee,1985,2021
VonRueden,Carmela,1988,2020
Will,Sol,2002,2019
Klein,Columbus,1958,2019
Rath,Pete,1969,2021
Carter,Basil,1961,2021
McDermott,Ward,1956,2016
Armstrong,Dorsey,1960,2020
Kling,Albertina,1961,2020
Herzog,Jody,1998,2019
Dach,Christena,1975,2021
Heathcote,Malik,2003,2015
Toy,Tish,1988,2020
Orn,Yuriko,1995,2020
Johnston,Kirby,1984,2022
Miller,Yoshie,1998,2016
Robel,Theresia,1988,2020
Bogan,Tanika,1956,2018
Wiegand,Rochel,1984,2019
Schuppe,Alvin,1997,2020
Raynor,Jarred,1961,2015
Roberts,Lawrence,1955,2021
Jones,Shu,1964,2017
Howell,Norbert,2001,2017
Bode,Valentine,1996,2020
Aufderhar,Tanya,1975,2017
Hamill,Kori,1977,2017
Bergstrom,Lezlie,1951,2021
Tremblay,Ching,1978,2022
Rippin,Alva,1970,2020
Stark,Kenya,1997,2019
Bernier,Roger,1975,2015
Kilback,Lenita,1953,2017
Olson,Suanne,1952,2020
O'Connell,Harold,1972,2017
Runolfsson,Stacee,1995,2017
Buckridge,Edwin,1966,2017
Stoltenberg,Terry,1992,2017
O'Connell,Yuonne,1960,2019
Bahringer,Dottie,1995,2016
Reynolds,Kasey,1995,2016
Turcotte,Jason,1983,2019
Blanda,Mamie,1985,2021
Upton,Jeanene,1951,2019
Gerlach,Kiersten,2001,2018
Leuschke,Fermin,1979,2022
Ferry,Clayton,2002,2015
Franecki,Kareem,1980,2021
Padberg,Aiko,1995,2022
Heller,Arden,1986,2017
Baumbach,Sherie,1971,2016
Frami,Hector,1995,2017
Schroeder,Nathaniel,1954,2019
Thompson,Ezequiel,1992,2019
Barrows,Rodolfo,1967,2016
Botsford,Danial,1952,2021
Breitenberg,Sherita,1996,2018
Konopelski,Angelita,1956,2016
Dibbert,Edison,1972,2019
Raynor,Harlan,1967,2022
Johnson,Jerlene,1966,2017
Lebsack,Kacey,1961,2018
Hessel,Willena,1956,2022
Wolff,Javier,1999,2015
Fay,Jesse,1957,2016
Krajcik,Carolina,1971,2021
Welch,Jon,1981,2022
Stamm,Isidro,2003,2022
Yost,Virgilio,1966,2020
Halvorson,Carlee,1950,2020
Hettinger,August,1977,2018
Schowalter,Roxane,1991,2019
Medhurst,Marcia,1987,2021
Gusikowski,Althea,1958,2022
Murazik,Sandi,1964,2017
Mohr,Inga,1975,2021
Cormier,Eusebio,1968,2021
Hand,Eneida,1992,2020
Abbott,Ignacio,1966,2018
Wisoky,Shery,1981,2018
Schmidt,Ester,1980,2015
Haag,Olevia,1996,2019
Lind,Desiree,1988,2017
Funk,Ozie,1978,2015
Hand,Dulcie,1987,2020
Carroll,Jeni,1952,2019
Vandervort,Ambrose,1988,2015
Collins,Aldo,1977,2019
Schowalter,Bradford,1987,2015
Satterfield,Vergie,1997,2015
Carter,Irvin,1998,2019
Kutch,Deloras,1958,2020
Klocko,Emile,1993,2015
Nicolas,Zane,1986,2021
Botsford,Alfonso,2001,2016
Jacobs,Zora,1971,2016
Daniel,Bulah,1984,2015
Jakubowski,Bud,1971,2016
Larkin,Setsuko,1967,2015
Treutel,Shena,1970,2019
Heller,Kaitlin,1979,2019
Koelpin,Hannelore,1965,2021
Barton,Jimmy,1959,2019
Mosciski,Erna,1969,2016
Schmidt,Robin,1960,2015
Runolfsdottir,Jefferey,1950,2020
Crona,Cruz,1980,2022
Hermiston,Alba,1995,2017
Rolfson,Theodore,1971,2021
Corwin,Mikaela,1994,2016
Anderson,Lilian,1959,2021
Pouros,Hershel,1983,2020
Willms,Rayna,1966,2018
Gerhold,Tomoko,1994,2021
Collins,Irvin,1977,2017
Heidenreich,Grover,1971,2018
Schmeler,Teodoro,1987,2016
Gutkowski,Demetrius,1998,2016
Kshlerin,Novella,1974,2017
Bradtke,Isa,2000,2016
Nolan,Allena,1958,2018
Runte,Lizabeth,1978,2015
Herman,Necole,1995,2017
Cremin,Shu,1971,2015
Dach,Domenic,1950,2019
Kreiger,Fernanda,1972,2020
Bahringer,Michal,1969,2019
Stroman,Pok,2002,2016
Corkery,Aldo,1990,2017
Dickinson,Jeane,1972,2015
Lockman,Sydney,1978,2017
Bartoletti,Flor,1964,2018
Runolfsson,Jerold,1991,2021
Keebler,Lewis,1983,2019
Ruecker,Viki,1994,2020
Jenkins,Douglass,1974,2018
Willms,Thalia,1991,2016
Morar,Roseline,1966,2020
Borer,Tuan,1978,2018
Gerlach,Damon,1971,2019
Donnelly,Dexter,1967,2016
McLaughlin,Enoch,1980,2021
Zboncak,Lacey,1988,2020
Kutch,Daren,1998,2022
Greenfelder,Amada,1962,2019
Jacobson,Ellis,2002,2020
Hilll,Carlos,1962,2017
Predovic,Waldo,1953,2018
Miller,Sebastian,1989,2016
Wisoky,Jerrold,1987,2022
Hegmann,Tawny,1983,2022
Pfannerstill,Ladonna,1989,2015
Grady,Hobert,1956,2017
Borer,Jon,1950,2020
Hyatt,Antoine,1950,2018
Bernier,Valene,1964,2020
Kovacek,Sherril,1970,2020
Gottlieb,Eric,1975,2016
Waelchi,Gretchen,1960,2020
Kassulke,Devin,1992,2016
Macejkovic,Mindy,1982,2018
Jaskolski,Alisha,1996,2016
Macejkovic,Donny,1969,2020
Wolf,Sammie,1950,2021
Brown,Marhta,1972,2019
Haag,Jackson,1989,2015
Haley,Lorinda,1954,2021
Ryan,Lanny,1952,2018
Beatty,Maxwell,1950,2020
Gleason,Danny,1956,2020
Gusikowski,Elijah,2002,2020
Kutch,Viki,2002,2018
Gibson,Diego,1997,2018
Welch,Chauncey,1954,2018
Altenwerth,Graig,1968,2021
Little,Keneth,1974,2021
Dietrich,Margarito,1994,2016
Douglas,Bebe,1999,2016
Cassin,Queenie,1975,2016
Feest,Tommie,1951,2021
Hartmann,Robbyn,1952,2020
Aufderhar,Mariette,1974,2015
Kertzmann,Orlando,1970,2015
Steuber,Vernon,2001,2022
Greenholt,Latonya,1990,2015
Littel,Rosalia,1988,2021
Purdy,Octavio,1961,2015
Koch,India,1968,2017
Koelpin,Bryon,1950,2015
Smith,Harlan,1985,2019
Kuvalis,Arturo,1961,2020
Lynch,Misha,1967,2016
Koepp,Julian,1979,2018
Weimann,Johnny,2003,2021
Ziemann,Kasey,1997,2021
Predovic,Christine,1954,2018
Waters,Stephen,1953,2020
Dicki,Shaneka,1969,2019
Streich,Carmine,1970,2021
Mayert,Elise,2003,2017
Farrell,Deeanna,1970,2020
Wintheiser,Lang,1975,2021
Kutch,Hayden,1984,2018
Dach,Pasquale,1987,2017
Blick,Garret,1985,2021
Fadel,Josue,1985,2017
Dare,Chas,1953,2022
Larson,Belle,1961,2016
Walter,Lahoma,1990,2015
Connelly,Cecila,1985,2018
Hartmann,Ocie,1977,2021
Koss,Burton,1974,2022
Ritchie,Tarsha,1989,2019
Ernser,Marceline,1980,2016
Waters,Julianne,1964,2015
Lang,Aldo,1960,2021
Brown,Raymond,1970,2018
Feil,Napoleon,1968,2015
Hermann,Julian,1953,2018
Denesik,Vito,1999,2017
Gerlach,Suzette,1957,2019
Wehner,Risa,1978,2017
Cartwright,Ryan,1953,2022
Dooley,August,1975,2021
Sawayn,Olin,1978,2017
Bayer,Waylon,1973,2018
O'Kon,Germaine,1978,2016
Homenick,Janeth,1992,2019
Bayer,Glynis,1962,2019
Bogan,Jewell,1996,2016
Hauck,Madge,1971,2017
Bergnaum,Reba,1975,2015
Williamson,Stacy,1977,2019
Lind,Blair,1965,2019
Watsica,Jeremiah,1958,2021
Schuppe,Honey,1987,2015
Conn,Suzi,1991,2015
Harris,Felix,1967,2016
Smitham,Christena,1951,2022
Beahan,Hunter,1964,2017
Jones,Macie,1972,2021
Daniel,Velva,1992,2015
Walsh,Zenia,1976,2020
Gleason,Martin,1979,2016
Macejkovic,Frances,1976,2019
Harber,Antonietta,1979,2019
Muller,Estell,1973,2015
Abbott,Loraine,1994,2017
Block,Elisha,1981,2016
Emard,Glayds,1950,2019
Champlin,Tanner,1972,2015
Kemmer,Amado,1960,2016
Braun,Sherryl,2001,2015
Metz,Alonso,1995,2015
Hudson,Lloyd,1995,2020
Brakus,Dave,1980,2020
Weber,Jannette,2001,2016
Bogisich,Nolan,1956,2019
Prosacco,Justine,1963,2018
Buckridge,Phylis,1980,2018
Hackett,Keenan,1956,2020
Yost,Vince,1976,2016
Lueilwitz,Toby,1955,2020
Hirthe,Delmar,1969,2015
Sipes,Sidney,1980,2018
Mann,Ingeborg,1955,2020
Volkman,Loyd,1965,2016
Fadel,Stephan,1959,2022
Schimmel,Joe,1951,2022
Rutherford,Danille,1988,2022
Cassin,Clark,1985,2019
Rippin,Blair,1955,2021
Walsh,Randy,1995,2016
Dicki,Hanna,1985,2017
Moen,Donnette,1958,2020
Skiles,Lilli,1986,2018
Wintheiser,Lawerence,1992,2015
Hamill,Chuck,1987,2022
Collier,Zachary,1960,2018
Johnston,Raymond,1971,2021
Fahey,Sandra,1988,2020
Lynch,Kaley,1953,2017
Rutherford,Efren,1958,2021
Luettgen,Venessa,1957,2021
Cassin,Terrance,1962,2018
Harvey,Phillip,1994,2022
Barton,Josefine,1960,2015
Littel,Andres,1992,2021
Wilderman,Bernardo,1989,2018
Schoen,Izola,1973,2020
Roberts,Abraham,1966,2018
Emard,Tawnya,2002,2022
Gorczany,Marty,1991,2016
Brakus,Ardelle,1973,2022
Yundt,Glady,1977,2018
Koss,Delena,1996,2016
Herzog,Maricela,1951,2021
Schmidt,Myrtle,1961,2021
Hayes,Delaine,1954,2018
Labadie,Agustin,1975,2016
Predovic,Frieda,1966,2018
Wehner,Clotilde,1955,2021
Krajcik,Jeffry,1950,2018
Brakus,Larue,1952,2021
Runolfsson,Lamar,1965,2021
Towne,Kermit,1969,2017
Schiller,Arlean,1959,2022
Hoppe,Amal,1986,2022
Jacobi,Dick,1984,2021
Toy,Wai,1972,2019
Lueilwitz,Nichelle,1969,2016
McLaughlin,Hermelinda,1982,2021
Dickens,Tristan,1992,2016
Thiel,Anastasia,1961,2019
Bartoletti,Alyse,1974,2020
Emmerich,Tyrell,1997,2021
Feeney,Jefferson,1976,2020
Auer,Fransisca,1956,2020
Gutkowski,Tory,1965,2019
Douglas,Makeda,1980,2020
Brakus,Antony,1972,2015
Schmidt,Garry,1957,2022
Bins,Frederick,1955,2020
Sipes,Mckinley,1975,2019
Runolfsdottir,Kendrick,1989,2019
Larkin,Elbert,1972,2015
Carter,Johnny,1958,2021
MacGyver,Nova,1967,2015
Fay,Dewayne,1956,2021
Nolan,Woodrow,1986,2019
Keeling,Scott,1951,2022
Weissnat,Sage,1988,2018
Swaniawski,Germaine,1981,2018
McClure,Myrta,1968,2018
Marks,Alisia,1984,2020
Lindgren,Elliott,2002,2016
Herman,Rochell,1958,2021
Stamm,Bryon,1962,2017
Wilderman,Duane,1967,2015
Rohan,Hershel,1957,2015
Jerde,Emilio,1993,2019
Dibbert,Byron,1957,2020
Adams,Donette,1986,2015
Keeling,Kara,1954,2015
Blick,Harold,1979,2018
Kessler,Rene,1961,2017
Quitzon,Gwenda,1993,2020
Heathcote,Rachel,1994,2019
Turner,Hobert,1987,2016
Corwin,Alfonzo,1976,2021
Schultz,Roy,1958,2018
Harvey,Shantay,1978,2020
Larkin,Francesco,1953,2021
Johnson,Rodney,2002,2021
Kertzmann,Russell,1956,2021
Shanahan,Rufus,1983,2021
Lebsack,Jere,1978,2017
Hilll,Wendell,1986,2022
Little,Shayla,1960,2018
Heathcote,Jeane,1994,2021
Maggio,Mel,1991,2021
Turcotte,Willard,1980,2016
Nienow,Lucas,1992,2019
Kirlin,Evan,1969,2015
Glover,Junior,1995,2020
Harvey,Jc,1955,2016
Pfannerstill,Antoine,1964,2022
Turner,Cary,1985,2021
Kuhlman,Chester,1978,2018
Waters,Shanon,2002,2018
Daugherty,Zane,1976,2021
Nolan,Joshua,1985,2019
Hirthe,Lenard,1979,2017
Funk,Tomas,1960,2017
Marvin,Shellie,1972,2015
Lindgren,Elden,1963,2015
McDermott,Astrid,1978,2015
Crooks,German,1978,2020
Bechtelar,Kizzie,1967,2019
Kiehn,Antone,1992,2018
Murray,Maida,2002,2019
Reichel,Yuk,2000,2019
O'Connell,Brooks,1964,2021
Torp,Bart,1954,2016
Schinner,Leonardo,1980,2021
Nikolaus,Providencia,1984,2022
Robel,Dion,1999,2016
Lang,Jarred,1950,2017
Cassin,Lasonya,1978,2021
Smith,Salome,1985,2015
Bogisich,Sook,1977,2015
Hamill,Sam,1970,2019
Predovic,Nicholle,1982,2022
Crooks,Jamey,1950,2018
Berge,Bill,1985,2017
Mayert,Parker,2002,2017
Jones,Ty,1984,2020
Shanahan,Mariann,1959,2021
Rice,Jeni,1972,2019
Wintheiser,Cleveland,1963,2022
McKenzie,Melany,1997,2022
Balistreri,Barrett,1967,2015
Corwin,Mitchell,1991,2021
Toy,Kristie,1953,2020
Mohr,Paulette,1966,2015
Von,Boyd,1987,2021
Hermiston,Jennine,1987,2016
Von,Leland,1956,2021
Lebsack,Huey,1957,2020
Kub,Margene,1968,2015
Boyle,Karyl,1950,2021
Grady,Blair,1951,2019
Buckridge,Christin,1991,2020
Sawayn,Michele,1952,2019
Glover,Virginia,1980,2022
Grimes,Ramiro,1959,2015
Towne,Jewell,1979,2017
Schiller,Lan,1978,2017
Crooks,Lurline,1963,2022
Smith,Russel,2003,2016
Langosh,Claude,1992,2018
Raynor,Alica,1979,2022
Hickle,Maryetta,1959,2021
Rath,Dorsey,1982,2015
Harvey,Thresa,1957,2021
Klocko,Talisha,1980,2018
Steuber,Elwood,1951,2019
Grady,Stephania,1978,2017
Mohr,Cassondra,1963,2022
Kub,Chong,1991,2016
Dickinson,Dorsey,1993,2020
VonRueden,Hugh,1982,2020
Jacobson,Janay,1969,2021
Conroy,Doug,1993,2022
Lueilwitz,Lizeth,1963,2018
Sanford,Guadalupe,1967,2017
Grimes,Arnulfo,1964,2016
Tillman,Karl,1990,2020
Glover,Eric,1958,2020
Rice,Tommie,1975,2016
Purdy,Junior,1979,2022
O'Connell,Evelin,1977,2017
Hintz,Glenn,1965,2016
Jenkins,Minh,1986,2021
Rath,Millard,1971,2020
Medhurst,Daryl,1967,2022
Ziemann,Ila,1982,2015
Price,Irish,1977,2015
Moore,Clark,1987,2020
Parker,Josie,2002,2020
Schulist,Kimberely,1962,2017
Bode,Diamond,1950,2017
Stehr,Eleonore,1993,2015
Toy,Junior,2003,2015
O'Conner,Albertine,1980,2015
Bernier,Carson,1973,2022
Dooley,Jeneva,1950,2020
Harvey,Terrie,1996,2020
Hansen,Akilah,1962,2018
Hudson,Carey,1981,2021
Krajcik,Mitchell,1987,2016
Luettgen,Tania,1961,2015
Lemke,Patrica,1954,2018
Wilderman,Tonja,1984,2022
Harvey,Dana,1978,2020
Wisozk,Sean,1999,2019
Roberts,Jorge,1991,2015
Abbott,Rocco,1984,2015
Deckow,Chet,1958,2017
D'Amore,Marcellus,1976,2022
Hackett,Raisa,1977,2021
Hauck,Leandro,1974,2021
Berge,Christinia,1978,2022
Ledner,Cassondra,1975,2020
Yost,Audra,1953,2020
Schumm,Krystina,1974,2022
Wolf,Fletcher,1998,2019
Bechtelar,Ismael,1983,2019
Murphy,Sasha,1950,2019
Kiehn,Bao,2001,2021
Schimmel,Armanda,1971,2018
Watsica,Michell,1976,2016
DuBuque,Daysi,1999,2017
Prosacco,Jone,1963,2019
Blick,Tuan,1964,2018
Treutel,Ross,1958,2022
Dicki,Vern,1992,2021
Blick,Nelida,1981,2019
Grant,Kory,1952,2021
Beier,Philip,1997,2022
Mueller,Dakota,1981,2018
Wilkinson,Chet,1974,2019
Stehr,Octavia,1979,2015
White,Jessie,1960,2022
Gerhold,Britt,1987,2016
Cummerata,Derek,1990,2021
Welch,Leonor,1984,2021
Rohan,Bobby,1982,2020
Schimmel,Greta,1991,2016
VonRueden,Robin,1979,2019
Hane,Denny,1979,2017
Thiel,Michale,2000,2017
Lueilwitz,Marivel,1972,2016
Langosh,Alvaro,1988,2019
Von,Ona,1993,2015
Wehner,Lupe,1966,2020
Kuhn,Rocky,1955,2017
Klocko,Syble,1985,2017
MacGyver,Carson,1967,2017
Nitzsche,Shonta,1994,2017
McDermott,Abe,1985,2020
Metz,Zola,1982,2015
Fadel,Starr,1984,2015
Doyle,Boyd,1990,2021
Klein,Flora,1995,2019
Hansen,Latashia,1967,2022
Shanahan,Marcos,1962,2021
Sauer,Haley,1960,2018
Wuckert,Nicolas,1993,2020
Moore,Terrie,1961,2021
Kuhic,Marcelo,1997,2021
Lakin,Oneida,1981,2022
Dietrich,Casey,1992,2015
Bradtke,Kym,1970,2016
Nitzsche,Danyelle,1982,2017
Bechtelar,Margarett,1993,2015
Hamill,Caitlin,1954,2017
Flatley,Mayola,1985,2017
Adams,Harmony,1994,2016
Terry,Micha,1995,2019
Casper,Carylon,1954,2020
Little,Christinia,1996,2016
Rippin,Jarred,1992,2016
Goodwin,Jerry,1985,2016
Sporer,Jess,2001,2020
Gutmann,Delphia,1952,2021
Stroman,Prince,1987,2016
Rutherford,Trinity,2000,2019
Nader,Dante,1972,2020
Senger,Miki,1952,2022
Wintheiser,Kenia,1963,2021
Gleichner,Booker,1991,2021
Botsford,Clayton,2002,2020
Heathcote,Johnie,1990,2022
Hills,Israel,1956,2015
Kuhlman,Elmer,1981,2020
Wuckert,Otelia,1976,2019
Cruickshank,Willie,1975,2020
Kuhn,Zoraida,1961,2019
Blanda,Nigel,1983,2016
Hansen,Edwin,1968,2021
Legros,Cammie,1974,2018
Medhurst,Starr,1955,2017
Raynor,Kitty,1978,2021
Abbott,Rina,1985,2017
Sipes,Tabatha,1951,2015
Hilpert,Elvera,1973,2018
Hickle,Micki,1977,2022
Cremin,Perry,1978,2020
Medhurst,Antonio,2002,2019
Wolf,Ariana,1985,2020
Bogisich,Ezra,1983,2019
Hahn,Trina,1952,2021
Nader,Corine,1984,2018
Donnelly,Usha,1967,2018
Purdy,Mack,1968,2022
Hartmann,Maxwell,1991,2022
Huels,Kyoko,1971,2016
Erdman,Shemika,2000,2015
Leannon,Clint,2003,2017
Hodkiewicz,Stephan,1980,2015
Kemmer,Willy,1962,2017
Kunze,Grisel,1967,2022
Nienow,Avelina,2000,2020
Wolff,Levi,1958,2017
Reilly,Emery,2000,2017
Ebert,Hallie,1969,2019
Smith,Shelton,1969,2020
Hartmann,Virgilio,1987,2021
Williamson,Franklin,1976,2020
Strosin,Tatyana,1953,2017
Schulist,Agustin,1963,2021
Cole,Synthia,1956,2017
Batz,Jani,1974,2018
Feeney,Loren,1955,2022
Rippin,Vinita,2001,2019
Lynch,Jodie,1965,2019
Berge,Fanny,1982,2021
Ebert,Iola,1952,2019
Barrows,Stella,1989,2019
Schinner,Hector,1966,2020
Kihn,Rory,1960,2018
Swift,Arnulfo,1997,2020
Little,Sunny,1953,2022
Murphy,Salvador,1975,2019
Larson,Eliana,1967,2015
Zemlak,Mallory,1975,2016
Russel,Annabel,1989,2022
Rath,Miranda,1979,2020
Koelpin,Dustin,1980,2018
Lubowitz,Azalee,1985,2016
Turner,Jordon,1961,2017
Zemlak,Nova,1994,2017
Senger,Gilda,2003,2018
Bailey,Rich,1951,2019
Ortiz,Leisha,1991,2022
Hammes,Orval,1966,2021
Bosco,Milo,1963,2022
Kris,Noelia,1971,2016
Turner,Demetrius,1961,2018
Hirthe,Sid,1984,2015
Lowe,Robbin,2002,2021
Nolan,Hanna,1992,2015
Walsh,Brittani,1991,2017
Wisoky,Todd,1983,2016
Hand,Cleopatra,1994,2018
Smith,Diego,1979,2016
Gorczany,Romeo,1980,2015
Stoltenberg,Ernesto,2003,2019
Parker,Elyse,1952,2017
Haag,Sirena,1999,2016
Price,Darren,1980,2022
Swift,Kristina,1975,2016
Schamberger,Nicolas,1980,2020
Schmeler,Elmer,1977,2022
Streich,Susie,1998,2017
Abbott,Margarito,1960,2017
Strosin,Vance,1971,2021
Leannon,Londa,1976,2018
Marvin,Cassey,1970,2016
Swift,Emile,1951,2016
Pacocha,Shin,2003,2015
Reichel,Rossana,1952,2022
Robel,Adelle,1950,2018
Prosacco,Christian,1996,2017
Daugherty,Tamra,1953,2015
Hoppe,Marvin,1986,2021
Schoen,Tyrell,1981,2016
Pollich,Pauline,1992,2018
Ebert,Karan,1964,2018
Muller,Dan,1950,2016
Rosenbaum,Saul,2003,2019
Spencer,Enoch,1994,2021
Price,Ted,1960,2022
Corkery,Patrick,1956,2020
Greenholt,Adam,1981,2017
Labadie,Marcelo,1967,2018
Corwin,Jonathon,2000,2017
Kiehn,Clayton,1975,2021
McLaughlin,Whitney,1992,2017
Lockman,Forest,1989,2016
Bayer,Donetta,1958,2018
Kreiger,Laurene,1952,2018
Abshire,Rufus,1988,2019
Dach,Marc,2002,2022
Berge,Belen,1974,2021
Armstrong,Edmond,2001,2018
Rempel,Rudolph,1959,2017
Zemlak,Reina,1996,2017
Gislason,Renato,1976,2021
Beier,Danica,1989,2019
Hintz,Wally,1972,2016
Wunsch,Nathanael,2002,2016
Cremin,Larisa,1980,2017
Schaden,Chasidy,1973,2022
Bergnaum,Gregory,1988,2015
Luettgen,Minerva,1960,2016
Lang,Kenny,1994,2020
Kozey,Larae,1983,2016
Gorczany,Linnie,1980,2021
O'Hara,Albert,1968,2019
Williamson,Samual,1979,2021
Lakin,Troy,1957,2015
Beatty,Laurel,1987,2019
Reinger,Ronnie,1963,2019
Howe,Teressa,1985,2019
Bogan,Sung,1953,2019
Schiller,Rosario,1973,2020
Bosco,Ernestine,1957,2015
Lowe,Lou,1992,2018
Stamm,Aubrey,1955,2022
Von,Jamison,1969,2021
Romaguera,Gaynelle,2003,2016
Miller,Larissa,1967,2022
Baumbach,Evon,1960,2018
Becker,Neville,1960,2020
Hudson,Marcene,1963,2019
Hyatt,Natividad,1975,2016
Jaskolski,Weldon,1994,2018
Steuber,Lon,1989,2022
Brown,Chang,1965,2017
Glover,Daina,1988,2017
Jacobi,Delbert,1969,2021
Rau,Emilia,2001,2019
Little,Berry,1978,2018
Carter,Tasia,1958,2022
Hayes,January,2000,2016
Becker,Dalton,1958,2019
Ortiz,Aisha,1959,2016
Lindgren,Vernice,2003,2018
Herman,Carey,1963,2015
Bayer,Sam,1955,2019
Stoltenberg,Lesia,1976,2015
Gleason,Sirena,2003,2018
Moore,Melissia,1991,2022
Feeney,Luke,1992,2021
Kessler,Un,1957,2020
Medhurst,Corinna,1955,2015
Crist,Tobie,1993,2021
Schmidt,Chara,1995,2017
Ebert,Giuseppe,1979,2022
Runte,Lovella,1986,2022
Rohan,Tamra,1974,2022
Dickens,Tommie,1994,2017
Daniel,Henry,1977,2016
Blanda,Carley,1950,2022
Pouros,Winnifred,1960,2022
VonRueden,Jeffrey,1955,2022
Schoen,Harlan,1998,2017
Barrows,Antonio,1991,2017
Mueller,Racquel,1985,2019
Spinka,Zachary,1984,2021
Beatty,Terry,1981,2019
Schowalter,Morris,1981,2020
Hermiston,Hoyt,1977,2020
Corwin,Willodean,1950,2019
Durgan,Madge,1967,2021
Haag,Song,1966,2015
Towne,Yuk,1952,2022
Stehr,Pei,1994,2022
Little,Adolfo,1952,2019
Daniel,Manuel,1951,2017
Tremblay,Ned,1978,2021
Kautzer,Keith,1988,2016
Schmitt,Brigette,1989,2021
Cartwright,Shanda,1951,2017
Bogisich,Birgit,1989,2018
Treutel,Charlsie,1988,2018
Mosciski,Jason,1984,2019
Lindgren,Sung,1995,2016
Hermiston,Rich,1960,2019
Morissette,Tammara,1965,2019
Dare,Liza,1973,2020
Franecki,Andera,1971,2020
Baumbach,Bev,1984,2021
Hettinger,Leonard,1965,2021
Koepp,Maria,1988,2015
Kihn,Haywood,1952,2018
Bernhard,Lester,1984,2019
Grady,Emily,1966,2016
Langworth,Sherwood,2002,2022
Rohan,Rudolph,1959,2015
Schultz,Jordon,1980,2015
Olson,Mireille,1990,2016
Willms,Hilario,1967,2022
Fisher,Julian,1988,2022
Konopelski,Leigh,1984,2022
Hettinger,Felica,1973,2022
Steuber,Herb,1962,2019
Littel,Wes,1976,2019
Boyer,Carrol,1968,2018
Farrell,Latricia,1955,2019
Powlowski,Charley,1982,2016
Sauer,Dinorah,1980,2019
Armstrong,Valda,1950,2017
Cruickshank,Elisha,1970,2020
Streich,Javier,1999,2020
Hintz,Isidro,1979,2021
Lang,Ela,1952,2022
Rau,Patrick,1950,2017
Hettinger,Gemma,1995,2022
Muller,Darleen,1995,2017
Bartell,Emeline,1983,2022
Johns,Grover,1972,2018
Fadel,Anibal,1986,2020
Gulgowski,Shaunta,1964,2021
Smitham,Wenona,1994,2020
Collier,Ali,2000,2021
McLaughlin,Mandi,1963,2022
Marks,Bobby,1987,2022
Durgan,Milagro,2003,2019
Ledner,Lynda,1988,2021
Hayes,Jeff,1963,2018
Corwin,Armand,1980,2018
Pouros,Norman,1968,2022
Flatley,Delmar,1956,2019
Russel,Eddy,1952,2016
Rosenbaum,Marquita,1952,2015
Bradtke,Doug,1955,2019
Feeney,Junior,1989,2017
Considine,Andrew,1994,2016
Mayer,Victorina,1969,2016
Beatty,Gayle,1972,2016
Konopelski,Man,1950,2020
Batz,Eddie,1975,2018
Klocko,Faustino,1971,2022
Dibbert,Alexis,2002,2015
Abshire,Reynaldo,1964,2022
Metz,Larry,1960,2017
Leffler,Johnna,1995,2022
Farrell,Levi,1981,2016
Mante,Florentino,1963,2017
VonRueden,Jamison,1972,2020
Pacocha,Wilber,1990,2019
Schroeder,Paris,1998,2020
Fadel,Alexia,2003,2022
Paucek,Brooks,1969,2019
Kuvalis,Sidney,1987,2022
Kunze,Oswaldo,2000,2017
Bernier,Hunter,1974,2019
Farrell,Kristofer,1961,2018
Koss,Pearly,1976,2016
Frami,Boyd,1957,2019
McCullough,Calvin,1961,2021
Herzog,Darrin,1951,2021
Hettinger,Shemeka,2002,2015
Connelly,Gwenn,1955,2015
Welch,Travis,2001,2019
Tillman,Mohammad,1995,2020
Blick,Ira,1968,2015
Farrell,Ricky,1965,2018
Wintheiser,Tressa,1954,2022
Rau,Oliver,1974,2022
Carroll,Philomena,1970,2015
Cronin,Moon,1992,2020
Orn,Dedra,1955,2017
Gibson,Don,1997,2020
Pacocha,Candelaria,2001,2021
Okuneva,Arden,2003,2016
Durgan,Dan,1992,2016
Daniel,Terrie,1989,2020
White,Tamar,1970,2021
Parker,Winona,1965,2020
Ratke,Catherina,1972,2015
Thiel,Jarrett,1961,2017
Kunde,Eddy,1964,2015
Prohaska,Christopher,1956,2021
Mayer,Osvaldo,1994,2021
Leuschke,Bettie,1983,2016
Schuppe,Garrett,1988,2022
Keeling,Valentin,1957,2015
Feil,Ivelisse,1960,2017
Haag,Christinia,1988,2020
Marquardt,Titus,2003,2020
Cassin,Rebecka,1983,2015
Auer,Gaynell,1965,2018
Langosh,Antione,1950,2015
Pouros,Stacee,1970,2018
Considine,Verline,1975,2016
Schiller,Vanna,1959,2017
Kessler,Masako,1998,2019
Jaskolski,Javier,1954,2015
Borer,Carey,1954,2021
Kozey,Derek,1977,2016
Rohan,Renae,1985,2021
Romaguera,Hans,1989,2018
Gislason,Theo,1973,2015
Schowalter,Season,1982,2019
Funk,Guillermina,2001,2020
Kilback,Charlsie,1978,2021
Dooley,Gerald,1990,2021
Quitzon,Harry,1953,2017
Muller,Chris,1990,2019
Gulgowski,Magaly,1986,2022
Lang,Alden,1993,2017
Bartell,Maximo,1997,2016
McCullough,Tomoko,1954,2021
Stehr,Dominica,1986,2017
Terry,Jean,1988,2018
Reinger,Collette,1983,2020
Konopelski,Kattie,1952,2017
Price,Ona,1965,2018
Swift,Hank,1996,2022
Heaney,Diedra,1987,2015
Tremblay,Kris,1987,2018
Fisher,Tawanna,1955,2017
Feest,Kesha,1956,2015
Kuphal,Tyson,1986,2020
Legros,Lidia,1994,2018
Hermiston,Haywood,1995,2015
Hilll,Franklyn,1957,2018
Batz,Renae,1981,2021
McDermott,Isaac,1953,2017
Ratke,Malcolm,1965,2017
Emmerich,Brinda,1981,2016
Deckow,Tory,1963,2017
Armstrong,Thurman,1969,2019
Kunde,Cindy,1975,2015
MacGyver,Alphonse,1973,2022
Satterfield,Krystal,1978,2016
Stanton,Dewitt,1975,2016
Durgan,Coralee,1996,2018
Huels,Ciera,1974,2019
Kilback,Agripina,1994,2017
Huels,Altha,1970,2016
Klocko,Jettie,1962,2021
Kiehn,Earl,1995,2020
Bauch,Kareem,1977,2018
Stehr,Arthur,1973,2015
VonRueden,Kathi,1983,2018
Huel,Jose,1971,2018
Howe,Andrew,1971,2016
Waters,Arletta,1971,2019
Hackett,Estrella,1976,2016
Harvey,Emanuel,1972,2018
Dietrich,Mickey,1973,2020
Dach,Jerold,1959,2017
Bashirian,Asha,1955,2015
Homenick,Gigi,1966,2020
Morissette,Ricky,2003,2021
Emmerich,James,1959,2018
Kihn,Analisa,1954,2021
Runolfsdottir,Noah,2000,2020
Becker,Karly,1987,2019
Hackett,Adell,1963,2016
Davis,Laine,1957,2017
Grady,Lenora,1961,2017
Kuphal,Oscar,1972,2016
Hahn,Felicia,1962,2019
McDermott,Jan,1978,2017
Stamm,Vito,1994,2020
Williamson,Jennifer,1976,2021
Powlowski,Gladis,1970,2019
Quigley,Walter,1998,2018
Pollich,Star,1992,2015
Zboncak,Dewayne,1989,2019
Wuckert,Solomon,1978,2017
Dare,Cleo,1983,2016
Gusikowski,Dimple,1998,2017
Crooks,Althea,1961,2019
Stanton,Alexandra,1981,2018
Robel,Alvin,1975,2018
Prosacco,Jonathon,1952,2017
Toy,Tera,1983,2022
Hahn,Mable,1993,2018
Ferry,Althea,1997,2016
Smith,Nelida,1966,2018
Reynolds,Edward,1991,2021
Hand,Demetrius,1999,2019
McLaughlin,Allegra,1997,2018
Mosciski,Tonya,1965,2016
Schultz,Bobette,1985,2019
Howell,Hiram,2001,2016
King,Guillermo,2000,2017
Hermann,Gisele,1951,2016
O'Connell,Francesco,1988,2019
Cartwright,Genevieve,2003,2019
Breitenberg,Buster,1997,2020
Abernathy,Orville,1999,2021
Homenick,Velia,1953,2015
Simonis,Janna,1952,2019
Stehr,Lizbeth,2000,2016
Davis,Malcolm,1982,2016
Hilll,Charlie,1981,2015
Ryan,Shanda,1958,2015
Hahn,Odell,1957,2018
Mayert,Martin,1953,2019
Bechtelar,Andy,1954,2017
Feil,Hank,1981,2017
